{
	"description": "项目配置文件。",
	"setting": {
		"urlCheck": true,
		"es6": true,
		"postcss": true,
		"minified": true,
		"newFeature": true
	},
	"compileType": "miniprogram",
	"libVersion": "2.6.6",
	"appid": "wxd498195330981772",
	"projectname": "weichat",
	"simulatorType": "wechat",
	"simulatorPluginLibVersion": {},
	"condition": {
		"search": {
			"current": -1,
			"list": [
				{
					"name": "test",
					"pathName": "",
					"title": "",
					"cacheKey": ""
				}
			]
		},
		"conversation": {
			"current": 0,
			"list": [
				{
					"name": "test",
					"query": "",
					"boxQI": "",
					"service": {}
				}
			]
		},
		"plugin": {
			"current": -1,
			"list": []
		},
		"game": {
			"list": []
		},
		"miniprogram": {
			"current": 1,
			"list": [
				{
					"id": -1,
					"name": "详情页",
					"pathName": "pages/detail/detail",
					"query": "id=182",
					"scene": null
				},
				{
					"id": -1,
					"name": "yemian ",
					"pathName": "pages/page/page",
					"query": "id=2070",
					"scene": null
				}
			]
		}
	}
}